bs_id,vars,occ,vars_per_occ,MES,p,norm_shenkin_rel,shenkin_ci,MES_ci,number_bs_res,number_ligs,prop_ligs,protein,group
BS0,95,392,0.2423469387755102,-0.3631908086472646,0.0017677447567975657,26.62952004677822,8.420723431734599,0.23045834217819536,27,11,0.6470588235294118,Q9UGL1,0
BS1,40,119,0.33613445378151263,-0.014679680987702396,1.0,34.04940345465363,12.258818703129489,0.3620707409692121,12,3,0.17647058823529413,Q9UGL1,0
BS2,42,134,0.31343283582089554,-0.08628642577515694,0.6624161381755731,31.261470317088328,14.487844115811555,0.35058860144639165,10,1,0.058823529411764705,Q9UGL1,0
BS3,32,106,0.3018867924528302,-0.12405150398067903,0.6218121458474369,32.04076012580585,14.958230300777753,0.3988155393664417,8,1,0.058823529411764705,Q9UGL1,0
BS4,45,80,0.5625,0.5100293003086269,0.009229130691481027,43.49216227605523,16.792733616162845,0.3690017922899301,7,1,0.058823529411764705,Q9UGL1,0
BS0,392,863,0.4542294322132097,0.0021588275966854965,0.9749219695244838,42.47876039783457,11.383228202050047,0.12320800769947997,24,21,0.14685314685314685,P18031,0
BS1,370,871,0.42479908151549933,-0.06908397700682223,0.2969081257628113,59.17084674732497,11.087155167107813,0.12537892291691954,15,10,0.06993006993006994,P18031,0
BS2,442,999,0.4424424424424425,-0.026088152757113892,0.6797803859704534,51.475231869021606,9.942275485035106,0.11607745182943888,20,24,0.16783216783216784,P18031,0
BS3,370,893,0.4143337066069429,-0.09568983641551808,0.14060749711528606,25.541568410393047,10.26659779467391,0.12494677803566595,15,4,0.027972027972027972,P18031,0
BS4,315,614,0.5130293159609121,0.12976225859692805,0.0699757654633855,47.87704468554641,14.404371244877279,0.13916743941076398,12,3,0.02097902097902098,P18031,0
BS5,260,613,0.4241435562805873,-0.06941834759697506,0.37041161910958975,46.94915811955858,12.805370346949866,0.14816187510690312,13,9,0.06293706293706294,P18031,0
BS6,250,560,0.44642857142857145,-0.015922687514406644,0.8770061983620246,43.92376993868498,12.185998550680006,0.15209847224019374,14,11,0.07692307692307693,P18031,0
BS7,463,857,0.5402567094515752,0.18793512319870675,0.0019127049197895129,65.28754789794152,11.788641026448884,0.11711566394015226,15,17,0.11888111888111888,P18031,0
BS8,251,536,0.4682835820895522,0.03380218779599939,0.6661742649283016,49.42358171547227,15.139560325356353,0.15290353180423027,13,5,0.03496503496503497,P18031,0
BS9,115,215,0.5348837209302325,0.16825905104403333,0.1507973981720492,73.33015370522557,13.503000223808154,0.22838616695686095,5,3,0.02097902097902098,P18031,0
BS10,137,292,0.4691780821917808,0.03514597292252138,0.7520655674962198,47.86791636413557,20.245343784017837,0.20515320984694133,8,2,0.013986013986013986,P18031,0
BS11,137,282,0.4858156028368794,0.07071535206560932,0.5226449384108613,73.63832751091775,6.748989113213582,0.2062866198918673,6,3,0.02097902097902098,P18031,0
BS12,236,495,0.4767676767676768,0.05233479215600533,0.5156243026383487,38.07747482767067,18.004024062720386,0.15793527641302152,11,10,0.06993006993006994,P18031,0
BS13,243,472,0.5148305084745762,0.13196495791217927,0.1089953980191454,55.38932776001862,17.467519044349732,0.15764849180823146,9,10,0.06993006993006994,P18031,0
BS14,83,175,0.4742857142857143,0.04581493398169236,0.7355170144004255,51.08989058055353,30.852374501011862,0.2629060078492088,4,2,0.013986013986013986,P18031,0
BS15,310,570,0.543859649122807,0.1905508483348676,0.009200302612052324,53.07920108064634,15.387261998279776,0.14158322475932486,10,7,0.04895104895104895,P18031,0
BS16,217,446,0.4865470852017938,0.07315153736482495,0.394135981410446,48.22218401664389,11.09062444814263,0.16498040234975633,11,1,0.006993006993006993,P18031,0
BS17,280,587,0.4770017035775128,0.05321315693175168,0.4767985258626406,33.9462089207639,14.810839764241415,0.1455184952479015,14,1,0.006993006993006993,P18031,0
BS0,83,124,0.6693548387096774,0.14957336646429809,0.3282612949740594,47.397426157261,10.900559082734357,0.2907337092116301,17,2,0.047619047619047616,P0C024,0
BS1,199,358,0.5558659217877095,-0.06284582178038196,0.5498812037766302,34.609050431275385,10.460460766573538,0.19634839088979966,31,39,0.9285714285714286,P0C024,0
BS2,49,93,0.5268817204301075,-0.1085258081948324,0.5914911503015899,40.070165124454704,18.32162816306386,0.35599511432792097,11,1,0.023809523809523808,P0C024,0
BS0,99,220,0.45,-0.024067807821529442,0.8977938340202729,22.907943954896822,6.798383583035207,0.2527266882471337,20,18,1.0,Q460N5,0
BS0,172,283,0.607773851590106,0.08957521026697471,0.394860045078308,29.542263872293145,5.251808797001941,0.2070625852339356,32,83,0.9764705882352941,Q9UKK9,0
BS1,88,164,0.5365853658536586,-0.05415640872942737,0.7314384810893715,29.619878203340374,5.29253481558178,0.2710481680917087,15,1,0.011764705882352941,Q9UKK9,0
BS2,46,89,0.5168539325842697,-0.09113056446996087,0.6473617599183147,33.298589175437414,15.25935137239934,0.3644056945145166,10,1,0.011764705882352941,Q9UKK9,0
BS0,44,86,0.5116279069767442,-0.11182970458425256,0.5746029881932598,57.287547972622356,7.279539122882771,0.3738340119283918,21,26,0.23636363636363636,Q8WS26,0
BS1,44,77,0.5714285714285714,0.005317698420879433,1.0,16.709530361896075,7.335952573446736,0.3807287558731014,19,10,0.09090909090909091,Q8WS26,0
BS2,13,21,0.6190476190476191,0.08638745930687074,0.8579177130821436,36.805413224332405,14.534122468112345,0.6970617832848289,9,4,0.03636363636363636,Q8WS26,0
BS3,39,80,0.4875,-0.16214289068613882,0.4351629964946909,46.611595231768504,9.651449273839491,0.3927486707288308,18,20,0.18181818181818182,Q8WS26,0
BS4,62,116,0.5344827586206896,-0.06702825342052388,0.7453706605986914,13.326867319302087,5.861976935983832,0.32098707039485,24,14,0.12727272727272726,Q8WS26,0
BS5,19,41,0.4634146341463415,-0.20987361530192086,0.4984227253636299,39.20648005456408,12.742688164903864,0.5508313645486554,12,2,0.01818181818181818,Q8WS26,0
BS6,34,53,0.6415094339622641,0.12561855457007914,0.5715205941350623,50.14322522824124,6.704842925270535,0.4394477554496217,14,2,0.01818181818181818,Q8WS26,0
BS7,11,26,0.4230769230769231,-0.3002328057975231,0.4916859346321101,39.77991295313196,18.859171051543907,0.7102408701853361,6,2,0.01818181818181818,Q8WS26,0
BS8,7,15,0.4666666666666667,-0.19937024011956966,0.8245534794909579,49.995155799788,33.59769334456807,0.9012848553548568,3,2,0.01818181818181818,Q8WS26,0
BS9,13,27,0.4814814814814815,-0.16915232737320735,0.7405381077233775,60.3812378581427,11.495362749936115,0.6672740883480045,9,2,0.01818181818181818,Q8WS26,0
BS10,31,50,0.62,0.08986384491640212,0.7245876639150676,57.44474387456812,14.715727674932628,0.4564791080347682,11,2,0.01818181818181818,Q8WS26,0
BS11,41,89,0.4606741573033708,-0.2228014893976681,0.2610426584440357,28.937741957406374,10.077949744034418,0.3802918133168918,19,2,0.01818181818181818,Q8WS26,0
BS12,15,28,0.5357142857142857,-0.060646777325957066,1.0,52.55672688954354,14.222639569133884,0.633076546808272,7,4,0.03636363636363636,Q8WS26,0
BS13,23,34,0.6764705882352942,0.17837007723539355,0.5769838222759585,31.02354623580936,10.897433932899132,0.5362395885660167,8,2,0.01818181818181818,Q8WS26,0
BS14,38,56,0.6785714285714286,0.1847209140671833,0.38325286174296136,46.5602529837365,12.367866414169184,0.4211516569683239,13,16,0.14545454545454545,Q8WS26,0
BS0,123,211,0.5829383886255924,0.3931315793001215,0.0013106298512794473,34.655604799241196,17.595607732132535,0.23287661988756134,12,4,0.0851063829787234,O15178,0
BS1,137,288,0.4756944444444444,0.17494176040791398,0.11457244305828992,37.91898959997425,15.555968162400513,0.21506628255459398,16,22,0.46808510638297873,O15178,0
BS2,97,198,0.4898989898989899,0.20080806554822345,0.1258133657871754,35.114046213913824,18.223887470074985,0.2524165374200069,11,4,0.0851063829787234,O15178,0
BS3,61,162,0.3765432098765432,-0.08082487158372688,0.6491808373546171,34.936829354753,18.89045287004821,0.3021244410351511,9,10,0.2127659574468085,O15178,0
BS4,52,108,0.4814814814814815,0.1759308926960003,0.3281667490094529,26.977243350453726,14.17831419631103,0.33761922614539663,6,1,0.02127659574468085,O15178,0
BS5,51,107,0.4766355140186916,0.16531364980511054,0.371102725309784,37.65064582057299,26.72051406920557,0.3402419418668959,6,1,0.02127659574468085,O15178,0
BS6,74,144,0.5138888888888888,0.2474502708479597,0.10700792772959884,32.802410365970985,17.92353025394884,0.28845784534979074,8,1,0.02127659574468085,O15178,0
BS7,50,90,0.5555555555555556,0.323449296310412,0.07235426868928035,43.11503673792277,20.877614021135415,0.35219670296071753,5,1,0.02127659574468085,O15178,0
BS8,76,126,0.6031746031746031,0.4155416259131391,0.006713995468309525,53.48489873529794,16.270407409213092,0.2926609260595265,7,1,0.02127659574468085,O15178,0
BS9,22,108,0.2037037037037037,-0.7092093208743633,0.0016177016803726571,14.80923969367824,17.11921640952122,0.4633015794912758,6,1,0.02127659574468085,O15178,0
BS10,38,162,0.2345679012345679,-0.5734327905884343,0.0013381625005947368,6.611940067304606,3.466053041917424,0.35963108548957506,9,1,0.02127659574468085,O15178,0
BS0,97,129,0.751937984496124,0.20553717698772264,0.1386600576403789,33.827860253229424,12.826968242529636,0.27229503479037376,9,2,0.08333333333333333,Q5T0W9,0
BS1,103,160,0.64375,0.0401205902926528,0.7923101316609612,42.818280063530466,13.941618329827266,0.2571150498147658,12,4,0.16666666666666666,Q5T0W9,0
BS2,49,102,0.4803921568627451,-0.26611845009972523,0.14611714280145294,16.907917442758773,14.431019199117152,0.34741274339830736,6,4,0.16666666666666666,Q5T0W9,0
BS3,92,155,0.5935483870967742,-0.047144529885949665,0.7863347914237859,38.61099530256189,12.949346637254395,0.2670444597689987,12,2,0.08333333333333333,Q5T0W9,0
BS4,35,59,0.5932203389830508,-0.04569548860356666,0.9144885357160906,63.86390306659246,17.68244792708774,0.4236041931899506,4,2,0.08333333333333333,Q5T0W9,0
BS5,89,179,0.4972067039106145,-0.2380517693537165,0.07821368990812412,36.215149969805594,13.804867564644619,0.2634608705482683,12,10,0.4166666666666667,Q5T0W9,0
BS0,52,107,0.485981308411215,-0.009569451016150672,1.0,33.36084838333253,9.502475096237658,0.3428861027560258,12,2,0.06451612903225806,Q8IU60,0
BS1,153,331,0.4622356495468278,-0.0738125722897447,0.5160539715017228,32.401474704275834,9.248491922426712,0.21398418081057796,26,24,0.7741935483870968,Q8IU60,0
BS2,46,82,0.5609756097560976,0.14235887682391687,0.4412762285762183,37.72326455906039,13.067927897908378,0.3715757788996021,9,2,0.06451612903225806,Q8IU60,0
BS3,80,175,0.4571428571428571,-0.07836028189225222,0.6218459300213518,57.08251655815164,13.849777337986321,0.2794496321929414,14,2,0.06451612903225806,Q8IU60,0
BS4,56,120,0.4666666666666667,-0.0533834605598753,0.8027651164777747,41.19675545532756,25.333764167564357,0.32932588133661056,8,1,0.03225806451612903,Q8IU60,0
BS0,35,79,0.4430379746835443,-0.14195075725743592,0.5501618894802471,48.9114179069081,17.680729940139774,0.4003398442012283,6,2,0.06060606060606061,P22557,0
BS1,155,293,0.5290102389078498,0.039019799639220136,0.7200231649015207,40.60788994624743,7.490979073398188,0.19963444692673527,16,7,0.21212121212121213,P22557,0
BS2,67,143,0.4685314685314685,-0.08622578579188138,0.6056691088762145,47.84213133009187,13.701506945779073,0.29343775538117656,16,10,0.30303030303030304,P22557,0
BS3,51,91,0.5604395604395604,0.0963321336498605,0.5921956846107951,37.26595732368549,19.612541171672284,0.3455905094864876,9,2,0.06060606060606061,P22557,0
BS4,43,58,0.7413793103448276,0.3789823067712675,0.07151533240481048,45.64212679927808,11.409057928339578,0.3968112888699125,8,5,0.15151515151515152,P22557,0
BS5,9,26,0.3461538461538461,-0.3883809589722675,0.3731218050830876,31.759999321839967,8.753585757302515,0.7592538741828722,3,2,0.06060606060606061,P22557,0
BS6,75,136,0.5514705882352942,0.08055981019970247,0.6063196310919665,53.140040283544224,18.703817619329246,0.28526307502739223,7,2,0.06060606060606061,P22557,0
BS7,9,10,0.9,0.5697564517853937,0.2285238380118399,69.65708972602815,1.1276978536087428,0.9015935579019458,2,1,0.030303030303030304,P22557,0
BS8,48,97,0.4948453608247423,-0.030119768161269087,0.9295432060769396,60.952699445556576,13.229950629306796,0.3486098001175065,7,1,0.030303030303030304,P22557,0
BS9,68,126,0.5396825396825397,0.05832463723099322,0.7017335021017083,39.60962471182924,13.431096681716506,0.2981369802240861,8,1,0.030303030303030304,P22557,0
BS0,7,20,0.35,-0.2787296153112132,0.6779864740427977,20.032281542470127,9.04288619590402,0.8649665421704121,5,2,0.2222222222222222,Q8WVM7,0
BS1,18,36,0.5,0.0826708300798059,0.7686373931807855,12.616983005366619,5.910625229588168,0.5722891772507441,9,2,0.2222222222222222,Q8WVM7,0
BS2,13,24,0.5416666666666666,0.16339817247998292,0.7217074417767972,29.884266961057648,22.074517631725012,0.6803720308870492,6,2,0.2222222222222222,Q8WVM7,0
BS3,13,36,0.3611111111111111,-0.2493089709009811,0.5353467605047937,28.00252745085187,8.10057996924088,0.6399744799506492,9,1,0.1111111111111111,Q8WVM7,0
BS4,21,44,0.4772727272727273,0.03524866840498106,0.8929281946369287,37.725783367136884,12.48627076403332,0.5269301234183675,11,1,0.1111111111111111,Q8WVM7,0
BS5,7,15,0.4666666666666667,0.01194736803442064,1.0,10.897307693576758,10.606173539693028,0.901214122335102,4,1,0.1111111111111111,Q8WVM7,0
BS0,29,56,0.5178571428571429,0.2286628237631067,0.33233607059701764,24.651544877396198,6.328929330485388,0.4583117871767067,14,2,0.4,Q8WVM7,1
BS1,18,56,0.32142857142857145,-0.26630931819890563,0.3656215107550501,28.959410611254192,12.424065899253561,0.5393414411432391,9,1,0.2,Q8WVM7,1
BS2,17,52,0.3269230769230769,-0.24825965828594898,0.42249774431365866,35.253242771728075,10.952556449589279,0.5556105566265416,9,1,0.2,Q8WVM7,1
BS3,11,33,0.3333333333333333,-0.22569234872328026,0.6172283797048366,57.72369407931645,22.335583849786655,0.6887704096463731,5,1,0.2,Q8WVM7,1
BS0,22,53,0.4150943396226415,-0.22158686155939486,0.4596426374869589,43.10243341901464,8.957623440827126,0.5024454794991583,7,3,0.1,Q6PJP8,0
BS1,38,77,0.4935064935064935,-0.0452413645007444,0.9202243289951144,36.94579218058878,9.432056575976286,0.3954863812601708,15,5,0.16666666666666666,Q6PJP8,0
BS2,4,8,0.5,-0.030701151224663957,1.0,32.108662005331745,12.405200613841364,1.2024370129716888,4,2,0.06666666666666667,Q6PJP8,0
BS3,52,75,0.6933333333333334,0.3088156671139182,0.1041251780515465,54.559643607785794,12.624796623744796,0.36134132928430096,9,2,0.06666666666666667,Q6PJP8,0
BS4,28,47,0.5957446808510638,0.14808695293566604,0.5394385651125044,48.926734028768294,11.461390258992688,0.4736039961391682,8,3,0.1,Q6PJP8,0
BS5,45,66,0.6818181818181818,0.2897991958707745,0.15352982664399625,32.97342459581736,11.165510275186382,0.3860214132088423,14,2,0.06666666666666667,Q6PJP8,0
BS6,40,65,0.6153846153846154,0.1830866677723654,0.4023497578635537,22.99195835574389,8.297758209326751,0.4007011971818697,16,10,0.3333333333333333,Q6PJP8,0
BS7,17,26,0.6538461538461539,0.24095379588274995,0.5170671142993674,31.450412347338855,18.146284353428737,0.6156633406101529,8,1,0.03333333333333333,Q6PJP8,0
BS8,22,47,0.4680851063829787,-0.09859489710481993,0.7976389615353399,51.09674399908275,16.059528137572492,0.5115656548359961,7,1,0.03333333333333333,Q6PJP8,0
BS9,23,49,0.4693877551020408,-0.09584629545318446,0.8016634277442902,49.221927676786365,14.439752933495994,0.5007755164593146,7,1,0.03333333333333333,Q6PJP8,0
BS0,259,977,0.26509723643807576,-0.2831614995328457,0.00015394137791270622,21.09600610746278,9.792133385744526,0.1487549352439071,19,35,0.8333333333333334,O95696,0
BS1,197,466,0.4227467811158798,0.2543025817442105,0.0055259993336770645,49.11317341373404,14.423952531084616,0.1758421859475921,13,6,0.14285714285714285,O95696,0
BS2,116,312,0.3717948717948718,0.1076173260428226,0.35795351436600864,36.40030764542479,16.08107416241431,0.22015335915293066,6,1,0.023809523809523808,O95696,0
BS0,168,420,0.4,0.20654989571298707,0.028084500495100348,54.088487591396344,10.630903035435908,0.18306203629473844,6,1,1.0,H0Y4R8,0
BS0,18,84,0.21428571428571427,-0.49841056642615506,0.06715015321127715,27.120836047021356,23.27617623757041,0.5126600679671997,6,2,0.05405405405405406,Q6B0I6,0
BS1,48,122,0.3934426229508197,0.12110030973202625,0.4778534636030882,47.02182175025678,14.966450124661376,0.33949127028901466,12,5,0.13513513513513514,Q6B0I6,0
BS2,56,143,0.3916083916083916,0.11692007994590825,0.459275061831321,62.95205198337514,15.93251250025028,0.31498882500371805,11,2,0.05405405405405406,Q6B0I6,0
BS3,36,92,0.39130434782608703,0.11454799488554585,0.5421363341484944,45.88062747871015,20.274199312921592,0.3900886569332519,8,3,0.08108108108108109,Q6B0I6,0
BS4,39,88,0.4431818181818182,0.2421841337660433,0.2193223178626061,41.612178000857895,24.760446183504484,0.3819209026609395,8,2,0.05405405405405406,Q6B0I6,0
BS5,45,130,0.3461538461538461,-0.011121729496943455,1.0,62.6008514744086,11.364979331506245,0.3444533287627662,10,3,0.08108108108108109,Q6B0I6,0
BS6,62,158,0.3924050632911392,0.11951556581839075,0.4329848306628366,41.782733086420905,12.753215709267115,0.3000744599428316,12,5,0.13513513513513514,Q6B0I6,0
BS7,26,72,0.3611111111111111,0.032103245384417264,0.9074777728416372,67.29617758026761,14.162862285430428,0.4525336655921542,6,1,0.02702702702702703,Q6B0I6,0
BS8,16,53,0.3018867924528302,-0.14939629870495644,0.6795649853070921,36.56141236730257,23.98882542234399,0.5623492509465021,4,1,0.02702702702702703,Q6B0I6,0
BS9,31,72,0.4305555555555556,0.2115463134524494,0.36350053040194097,55.44442507998797,24.194478255515264,0.4253999868993175,6,1,0.02702702702702703,Q6B0I6,0
BS10,22,67,0.3283582089552239,-0.0645708916362275,0.9030157123031216,67.12962070854378,9.41757617143716,0.4854110883109965,5,1,0.02702702702702703,Q6B0I6,0
BS11,26,75,0.3466666666666667,-0.0094630736956951,1.0,33.43504977368027,25.97278870941712,0.4501701963834829,6,1,0.02702702702702703,Q6B0I6,0
BS12,10,28,0.35714285714285715,0.020623376187215915,1.0,75.77585360981105,10.4087265383411,0.7245663957045642,2,1,0.02702702702702703,Q6B0I6,0
BS13,31,124,0.25,-0.3450498446092533,0.09432634941193534,15.260090970633714,6.725083991114436,0.39824952832683896,9,1,0.02702702702702703,Q6B0I6,0
BS14,37,159,0.2327044025157233,-0.4212950309615136,0.024690907269701436,35.04713687497041,11.983824826127165,0.3629156710923813,12,1,0.02702702702702703,Q6B0I6,0
BS15,20,98,0.20408163265306126,-0.5492779631444824,0.025358455003069647,40.67888879466389,22.693057963917738,0.4847184295113463,7,1,0.02702702702702703,Q6B0I6,0
BS16,17,49,0.3469387755102041,-0.008608664664939862,1.0,59.63057453025301,14.75675097433779,0.5550054980213249,4,1,0.02702702702702703,Q6B0I6,0
BS17,26,50,0.52,0.40218787623306745,0.1128286893046067,51.83769509020826,25.32507438683271,0.4777635319510784,5,1,0.02702702702702703,Q6B0I6,0
BS18,31,94,0.3297872340425532,-0.0605536392520889,0.8367810343471855,25.987263990376967,19.49321032341385,0.4104666924544795,7,1,0.02702702702702703,Q6B0I6,0
BS19,61,158,0.3860759493670886,0.10252750762823344,0.5290308049082633,46.520270922629145,18.12304334326381,0.30175885565834204,12,1,0.02702702702702703,Q6B0I6,0
BS20,40,66,0.6060606060606061,0.5613632276379757,0.006977707253824496,32.462876339960424,19.406473734886728,0.3974283396169301,6,1,0.02702702702702703,Q6B0I6,0
BS21,15,44,0.3409090909090909,-0.026317308317373417,1.0,35.33295231633442,41.04091299806488,0.5891225787119108,4,1,0.02702702702702703,Q6B0I6,0
BS0,117,517,0.2263056092843327,-0.4161456608947005,6.099216696247546e-05,13.29013327914006,8.59351208514596,0.20858030905082392,10,9,1.0,Q9UIF8,0
BS0,49,74,0.6621621621621622,0.0038728771308285522,1.0,56.46445303300536,12.940470393231143,0.3697494389261844,10,2,0.2222222222222222,Q9UJM8,0
BS1,60,86,0.6976744186046512,0.05924178887366883,0.7286981342066421,38.05624515333808,7.830762160455054,0.3393538295241092,18,2,0.2222222222222222,Q9UJM8,0
BS2,16,24,0.6666666666666666,0.01063325630136866,1.0,41.24478132088152,11.029093536279557,0.6374657356302094,8,1,0.1111111111111111,Q9UJM8,0
BS3,94,155,0.6064516129032258,-0.0929142192647656,0.5403258394400225,29.29507637666216,6.3099891752589405,0.26903615383529905,27,1,0.1111111111111111,Q9UJM8,0
BS4,34,55,0.6181818181818182,-0.06729867370771858,0.8259060625174566,38.888609100727614,10.657452688456077,0.43491125764019456,13,1,0.1111111111111111,Q9UJM8,0
BS5,11,18,0.6111111111111112,-0.07738666361542024,1.0,39.073953786759475,21.445259109434303,0.7542062021184012,6,1,0.1111111111111111,Q9UJM8,0
BS6,13,22,0.5909090909090909,-0.11162471153865584,0.8625293537092286,42.76586359622628,21.554168235517203,0.6901505384751597,6,1,0.1111111111111111,Q9UJM8,0
BS0,233,552,0.4221014492753623,0.2632712492712237,0.0019051319696606372,54.343368373469836,9.457263977511047,0.16365586985352204,17,8,0.3076923076923077,Q6PL18,0
BS1,157,472,0.3326271186440678,-0.00671188460785864,0.9615916600147631,53.016181000713,14.82705327824306,0.18923738288534184,10,3,0.11538461538461539,Q6PL18,0
BS2,213,857,0.2485414235705951,-0.3464746266966885,1.739554068524418e-05,28.974346224037568,11.813459227243655,0.16086843183907482,18,11,0.4230769230769231,Q6PL18,0
BS3,121,361,0.3351800554016621,0.0016485066997881336,1.0,30.47838068997777,16.33596179742456,0.21335961543094611,7,1,0.038461538461538464,Q6PL18,0
BS4,99,286,0.3461538461538461,0.035729064231643314,0.7625322639610743,67.91656441506981,6.1734387776211035,0.2352131897937059,6,1,0.038461538461538464,Q6PL18,0
BS5,123,431,0.2853828306264501,-0.17237775932156768,0.11326101844657452,34.15344144750714,14.332573952825284,0.20806736818740187,9,1,0.038461538461538464,Q6PL18,0
BS6,89,206,0.4320388349514563,0.26732956362098603,0.04629321716719692,65.96405730680664,21.47266008121128,0.2547066768836065,5,1,0.038461538461538464,Q6PL18,0
BS0,160,368,0.43478260869565216,-0.28971869411219103,0.003112392034951991,24.43650125833167,14.523529482353391,0.19166337463873165,15,8,0.7272727272727273,P24821,0
BS1,88,116,0.7586206896551724,0.29382934884848044,0.04611120259022517,25.442512650655328,21.29050367719996,0.2810258057727325,6,1,0.09090909090909091,P24821,0
BS2,84,127,0.6614173228346457,0.15296585068888033,0.3095477590200808,38.26352136794525,19.894281443204857,0.2796169292935625,6,1,0.09090909090909091,P24821,0
BS3,132,209,0.631578947368421,0.10734619358484272,0.3569838661318081,59.94063714665732,19.823466494349766,0.222993986109794,9,1,0.09090909090909091,P24821,0
BS0,2691,6939,0.3878080415045396,0.024161872713579467,0.3057639970331108,58.599242542701276,9.22350807638612,0.04592741107716622,20,7,0.1320754716981132,P47811,0
BS1,2560,7034,0.3639465453511516,-0.0433765092406535,0.06935937644626741,38.33175669184008,12.168525760698474,0.04663301967700795,15,3,0.05660377358490566,P47811,0
BS2,2211,5627,0.3929269593033588,0.03767345302169768,0.1462752879053027,50.941392253435204,12.428738947282081,0.05046629767811181,12,2,0.03773584905660377,P47811,0
BS3,4484,14423,0.31089232475906536,-0.22355904012153413,4.983479569105653e-36,21.44254846209753,5.854858004664892,0.035468586825391946,31,26,0.49056603773584906,P47811,0
BS4,2186,5348,0.4087509349289454,0.07907975940192807,0.002471113109292764,55.00290733303402,14.222417420960145,0.05101168176950431,19,10,0.18867924528301888,P47811,0
BS5,1024,2402,0.4263114071606994,0.11999481703441145,0.001614077138308623,64.3929354321797,6.390572514426888,0.07398661111271768,10,1,0.018867924528301886,P47811,0
BS6,1286,3609,0.35633139373787753,-0.0638726093252079,0.05303390282781896,65.97776144407852,10.85191231069901,0.06461988541271538,11,1,0.018867924528301886,P47811,0
BS7,876,2750,0.3185454545454545,-0.17791090181385738,4.387356731616298e-06,41.82792077409423,26.163349337547327,0.07684564433573697,6,1,0.018867924528301886,P47811,0
BS8,1538,3719,0.4135520301156225,0.08998540414098732,0.00366415328445696,35.83129547821912,11.989856089687624,0.06045952452290448,9,1,0.018867924528301886,P47811,0
BS9,1546,3477,0.4446361806154731,0.16479737953374474,1.6338482557593243e-07,74.64865808042605,10.749555800337617,0.0609447881595782,8,1,0.018867924528301886,P47811,0
BS0,186,426,0.4366197183098591,-0.07074273515887244,0.4590214171158873,41.175623170894774,8.935187900605511,0.1834326978904353,40,44,0.6470588235294118,P11838,0
BS1,77,166,0.463855421686747,-0.0018625800532546023,1.0,60.05210835140566,11.175781612408867,0.27697578183109445,16,6,0.08823529411764706,P11838,0
BS2,51,90,0.5666666666666667,0.20431445255930664,0.2707187910586528,34.730010093721624,10.146773840754316,0.34874629826459924,9,6,0.08823529411764706,P11838,0
BS3,53,115,0.4608695652173913,-0.008513275610637768,1.0,52.13251854468518,14.694505788789382,0.3309290227529195,11,3,0.04411764705882353,P11838,0
BS4,80,133,0.6015037593984962,0.2699490387873624,0.07075817116424048,39.12575399020877,7.81882710195336,0.2838662581314896,13,2,0.029411764705882353,P11838,0
BS5,29,49,0.5918367346938775,0.24583048004163574,0.3266198170796053,51.386121694406654,24.63175763061881,0.4630710012192436,5,1,0.014705882352941176,P11838,0
BS6,16,37,0.4324324324324325,-0.0726711048258674,0.8828167499721284,32.47067422010754,10.98821912632983,0.5894649346823815,4,1,0.014705882352941176,P11838,0
BS7,22,61,0.3606557377049181,-0.25743870591177737,0.34238721410709383,46.78203433718585,14.60966899221669,0.4910745655857444,6,1,0.014705882352941176,P11838,0
BS8,39,88,0.4431818181818182,-0.04857467014855715,0.8473223557974526,53.69338422677265,13.593363096589885,0.3817741922317049,8,1,0.014705882352941176,P11838,0
BS9,52,80,0.65,0.3451275238647724,0.058310666996927926,68.6711530617995,15.157143131055156,0.3542727426219941,8,1,0.014705882352941176,P11838,0
BS10,56,99,0.5656565656565656,0.20307404958947287,0.2543395075253808,54.145911998850444,16.996284884770393,0.3332103379369973,9,1,0.014705882352941176,P11838,0
BS11,40,79,0.5063291139240507,0.08794110197929146,0.6902454731548532,80.90307053612393,7.165846837635241,0.3850464860750461,8,1,0.014705882352941176,P11838,0
BS0,27,62,0.4354838709677419,-0.033981008193144036,1.0,23.187071134501235,8.772735793733856,0.4600148317381037,13,5,0.13513513513513514,Q7LBC6,0
BS1,23,50,0.46,0.022636585137746062,0.8986528023545222,27.44967818030655,14.663717430060856,0.5011845567186818,10,2,0.05405405405405406,Q7LBC6,0
BS2,25,77,0.3246753246753247,-0.3392345034349271,0.15657711915644468,11.36490343237478,6.01373998367908,0.4592744550507255,13,3,0.08108108108108109,Q7LBC6,0
BS3,15,29,0.5172413793103449,0.14179791186025734,0.6263680093665149,35.322147482010756,15.84196408911359,0.62914461948023,6,4,0.10810810810810811,Q7LBC6,0
BS4,30,67,0.4477611940298508,-0.00518676454188033,1.0,38.247325823109314,10.725942187679717,0.4390769949603548,13,8,0.21621621621621623,Q7LBC6,0
BS5,28,48,0.5833333333333334,0.2679522901844569,0.26022531499246226,18.173263649486767,8.489026734577468,0.4739113782411644,10,11,0.2972972972972973,Q7LBC6,0
BS6,11,25,0.44,-0.02279674249456608,1.0,27.360521339457545,21.0055960684168,0.7142244251210348,5,1,0.02702702702702703,Q7LBC6,0
BS7,27,57,0.4736842105263158,0.053077416181051836,0.8113134935133113,23.285641686500693,11.98314410474386,0.4658777144305526,11,1,0.02702702702702703,Q7LBC6,0
BS8,10,22,0.4545454545454545,0.010179693592508523,1.0,19.455204302227365,15.009055696862367,0.7523190803271773,5,1,0.02702702702702703,Q7LBC6,0
BS9,24,53,0.4528301886792453,0.006467221946162085,1.0,24.12287278942995,13.561648876312619,0.4897838916627085,10,1,0.02702702702702703,Q7LBC6,0
BS0,24,48,0.5,-0.06234313057413553,0.8951330642702291,20.80113726479661,9.876556236613498,0.5219582750045295,24,14,0.7368421052631579,O43809,0
BS1,13,26,0.5,-0.05868350182809017,1.0,28.669406469530593,12.462598347974806,0.6882732363152151,13,2,0.10526315789473684,O43809,0
BS2,8,16,0.5,-0.05715841383994864,1.0,54.91421577991449,14.423561019032865,0.8660102066119261,8,2,0.10526315789473684,O43809,0
BS3,10,20,0.5,-0.05775883415219243,1.0,29.19749699684918,14.910985332520426,0.7786030456546538,10,1,0.05263157894736842,O43809,0
BS0,118,282,0.4184397163120567,-0.18538993888980174,0.10160735215877847,32.76197399102871,12.528746900816172,0.22074891962146653,20,10,0.17857142857142858,P0DTD1,0
BS1,66,124,0.532258064516129,0.06704378957315127,0.6965012360330926,68.90569839214405,10.930711594320092,0.3027722668651433,9,2,0.03571428571428571,P0DTD1,0
BS2,21,53,0.3962264150943397,-0.2321988355969589,0.456849685050515,25.138063226838465,10.006839940440393,0.5077958925631777,14,4,0.07142857142857142,P0DTD1,0
BS3,34,68,0.5,0.0027644887356221923,1.0,51.08150849866188,14.422950566452377,0.4146495729133901,9,2,0.03571428571428571,P0DTD1,0
BS4,54,107,0.5046728971962616,0.012304753913982742,0.9327681362101796,50.594157753255864,12.35889577303732,0.33093251384544337,8,2,0.03571428571428571,P0DTD1,0
BS5,45,99,0.4545454545454545,-0.09445474775900384,0.6554678773665421,47.17169449649805,14.024257020513609,0.35586226520324954,10,5,0.08928571428571429,P0DTD1,0
BS6,62,141,0.4397163120567376,-0.12934076553379004,0.4499304408900363,34.25163698482992,14.521876840152235,0.30280552809752304,12,2,0.03571428571428571,P0DTD1,0
BS7,41,95,0.43157894736842106,-0.1471576443362877,0.4634490651756886,68.71750092960716,14.481650175438139,0.36959027028147856,7,2,0.03571428571428571,P0DTD1,0
BS8,56,121,0.4628099173553719,-0.07643219852892784,0.6866454594900293,57.24502476904448,8.832117384919922,0.3206640562253633,9,7,0.125,P0DTD1,0
BS9,15,18,0.8333333333333334,0.5160926748131719,0.14180467399579386,12.297173056152566,8.529305108291469,0.6869927947050933,14,5,0.08928571428571429,P0DTD1,0
BS10,14,17,0.8235294117647058,0.5040459367806119,0.18146571733503603,10.051663281486496,3.978945326849909,0.709088024654952,11,2,0.03571428571428571,P0DTD1,0
BS11,9,9,1.0,0.697771952309422,0.13913869659012418,6.747105562645228,5.084358756237899,0.9252640015924768,9,1,0.017857142857142856,P0DTD1,0
BS12,52,95,0.5473684210526316,0.0952239284719963,0.5961390075629973,52.95032630545641,11.038552921766422,0.3417368537876284,7,1,0.017857142857142856,P0DTD1,0
BS13,7,7,1.0,0.6973488674136453,0.25402868280450625,10.029290845961743,7.643742853970614,1.0488197569963031,7,1,0.017857142857142856,P0DTD1,0
BS14,27,50,0.54,0.08056388491890124,0.7171132884626044,16.39329606980989,10.887559725243174,0.4706988710156339,11,1,0.017857142857142856,P0DTD1,0
BS15,47,109,0.4311926605504587,-0.1484814572156362,0.43976729936101255,61.47185091961195,15.3317109175827,0.3456130735614538,9,1,0.017857142857142856,P0DTD1,0
BS16,58,121,0.4793388429752066,-0.040480663610849864,0.8724149991610974,51.49148296336207,14.160314925826187,0.31695637089045064,9,1,0.017857142857142856,P0DTD1,0
BS17,21,46,0.4565217391304348,-0.08906762022003681,0.7955079738321016,62.73411477468135,7.959299322990698,0.5185416954189784,4,1,0.017857142857142856,P0DTD1,0
BS18,41,78,0.5256410256410257,0.05363477162662103,0.7694303713631554,64.74580135010441,11.78719583416176,0.3813232051540577,6,1,0.017857142857142856,P0DTD1,0
BS19,4,4,1.0,0.6967152397551695,0.4532481117195183,3.793378444522242,3.398344822302011,1.3868021978147649,4,1,0.017857142857142856,P0DTD1,0
BS20,32,59,0.5423728813559322,0.0851681117234228,0.7371627219961823,39.316196964138726,17.095816862929915,0.43314065975670896,8,1,0.017857142857142856,P0DTD1,0
BS21,57,121,0.4710743801652893,-0.05830260637237385,0.7479443006787201,51.267292883213756,12.686956511545274,0.3187830587477484,9,1,0.017857142857142856,P0DTD1,0
BS22,55,133,0.4135338345864661,-0.19201976347379246,0.2720563994347427,63.3947847797614,5.866975375995599,0.31813453464185765,11,1,0.017857142857142856,P0DTD1,0
BS23,54,128,0.421875,-0.17140360451608647,0.3389321815483836,50.882832850072184,7.872183629918357,0.32191573556550385,13,1,0.017857142857142856,P0DTD1,0
BS0,65,168,0.3869047619047619,-0.16962242118559803,0.29451405875749564,43.775207083480154,12.536178142824252,0.30186575212744216,22,21,0.08502024291497975,P0DTD1,2
BS1,136,302,0.4503311258278146,-0.0002815884053156462,1.0,32.324950067113186,6.584259949217629,0.2264225709069753,35,192,0.7773279352226721,P0DTD1,2
BS2,26,73,0.3561643835616438,-0.2454428220815253,0.3184980118411015,42.9223401782732,10.468582843255977,0.4571280045275541,7,3,0.012145748987854251,P0DTD1,2
BS3,23,66,0.3484848484848485,-0.26695499147544965,0.2951184486828927,62.82942477689079,12.023070539238505,0.4835074983182868,6,2,0.008097165991902834,P0DTD1,2
BS4,30,66,0.4545454545454545,0.009509231213854252,1.0,64.03527003113403,24.054044936794025,0.4414411615950944,6,5,0.020242914979757085,P0DTD1,2
BS5,21,40,0.525,0.157726595685522,0.5757866315945921,58.73134003846934,29.49990540635113,0.5361485505108478,5,3,0.012145748987854251,P0DTD1,2
BS6,20,59,0.3389830508474576,-0.2943168693835675,0.32160163721571616,56.01867926452057,13.840584820406365,0.515460412048186,7,6,0.024291497975708502,P0DTD1,2
BS7,35,66,0.5303030303030303,0.17141790185205194,0.4413559269783847,71.01383521515135,6.66591442989586,0.4202656403756216,6,5,0.020242914979757085,P0DTD1,2
BS8,47,77,0.6103896103896104,0.3232509614450376,0.10934248761429073,66.51726260776465,14.4173738506224,0.3747250008018052,7,2,0.008097165991902834,P0DTD1,2
BS9,56,88,0.6363636363636364,0.371568604400802,0.04020857131914452,54.13077976027358,17.440927298079284,0.3480741422227208,8,1,0.004048582995951417,P0DTD1,2
BS10,21,41,0.5121951219512195,0.1323502223847499,0.6763432414760249,36.18710551240621,25.350535253476554,0.53396125819094,6,1,0.004048582995951417,P0DTD1,2
BS11,6,9,0.6666666666666666,0.3949781206129164,0.5757804198322403,15.626125207106535,8.697694136950378,1.0370186350665056,5,1,0.004048582995951417,P0DTD1,2
BS12,30,65,0.4615384615384616,0.025472355546609742,0.910021054802696,40.23136464439799,26.473224110684104,0.4424521645700373,6,1,0.004048582995951417,P0DTD1,2
BS13,30,55,0.5454545454545454,0.1994564748744456,0.4033952948195836,57.17162328599496,21.806350250828128,0.454413030947016,5,1,0.004048582995951417,P0DTD1,2
BS14,15,32,0.46875,0.040746462966912894,0.8745526453956899,28.23970119799193,20.880117008103,0.6201380850897716,5,1,0.004048582995951417,P0DTD1,2
BS15,23,66,0.3484848484848485,-0.26695499147544965,0.2951184486828927,48.51438878078586,16.419088712465626,0.4835074983182868,6,1,0.004048582995951417,P0DTD1,2
BS16,23,55,0.41818181818181815,-0.07700774781485824,0.8044718502575358,47.37761659702671,16.946191660218712,0.4953790513072142,5,1,0.004048582995951417,P0DTD1,2
BS0,474,1022,0.4637964774951076,0.19016300821036647,0.0010217753495417145,72.86044490258101,13.138883369608516,0.11200101822359113,13,9,0.5,Q32ZE1,0
BS1,137,336,0.4077380952380952,0.052223555967946984,0.6056535355136818,51.939946942343546,22.39228488275392,0.2003207063460016,9,1,0.05555555555555555,Q32ZE1,0
BS2,45,80,0.5625,0.3748475630053928,0.04600972527410442,47.113053213454144,28.612583861640026,0.3661087320586909,3,1,0.05555555555555555,Q32ZE1,0
BS3,8,8,1.0,0.9491039467836042,0.08871543368528917,12.988999864926894,8.713184903360958,0.9803285274727788,8,1,0.05555555555555555,Q32ZE1,0
BS4,7,7,1.0,0.9490298760911088,0.07649530085933792,18.880294751752484,7.173570535391415,1.047971353263392,7,1,0.05555555555555555,Q32ZE1,0
BS5,103,187,0.5508021390374331,0.3558629622527277,0.004610069278484178,59.07318555842642,13.36333077981225,0.24184981972624786,8,1,0.05555555555555555,Q32ZE1,0
BS6,239,505,0.4732673267326733,0.20579894772032556,0.010285660533518471,71.35324498536212,2.960258207549052,0.1560205239813468,6,1,0.05555555555555555,Q32ZE1,0
BS7,162,515,0.3145631067961165,-0.21268383444479236,0.01923620709058483,38.42822519033964,18.863540767148173,0.1784101780851355,10,1,0.05555555555555555,Q32ZE1,0
BS8,51,90,0.5666666666666667,0.3824868286078152,0.03063548540404556,29.44981405438689,11.392634298862312,0.3444663613513035,13,1,0.05555555555555555,Q32ZE1,0
BS9,12,11,1.0909090909090908,1.0364585220495548,0.01723008571794774,27.862804796396492,7.529370662953711,0.8185438097892352,9,1,0.05555555555555555,Q32ZE1,0
BS0,133,579,0.229706390328152,-0.3919662639226788,6.404687399590389e-05,20.581694474600727,12.103658711034365,0.19692929340997334,11,8,1.0,Q12830,0
BS0,359,1317,0.2725892179195141,-0.23596314067230806,0.0004249800473339759,32.35906747463658,10.697117741826169,0.13234348568266205,25,76,0.8941176470588236,Q8WWQ0,0
BS1,144,443,0.3250564334085779,-0.005227044131989211,1.0,56.264604609572466,16.761514524784744,0.19661402894737107,9,7,0.08235294117647059,Q8WWQ0,0
BS2,149,432,0.3449074074074074,0.059629834786967685,0.5460587979178755,26.75366772089214,20.37479869089801,0.1949073565435969,8,1,0.011764705882352941,Q8WWQ0,0
BS3,109,384,0.2838541666666667,-0.15079068786157698,0.1927737156657013,42.176051886852186,18.002561636530825,0.22020510978608204,8,1,0.011764705882352941,Q8WWQ0,0
BS0,56,122,0.459016393442623,-0.23101384152565616,0.1933890965114095,50.08932358560893,14.72011668292,0.32878268320086323,12,7,0.30434782608695654,P01584,0
BS1,61,114,0.5350877192982456,-0.064949206427743,0.7434482224910315,44.95278628086752,12.473000124649152,0.3235749339099561,13,4,0.17391304347826086,P01584,0
BS2,88,156,0.5641025641025641,-0.007989390033478863,1.0,41.6728635657097,12.739486997946546,0.2767525333374914,16,12,0.5217391304347826,P01584,0
BS0,37,42,0.8809523809523809,0.12456272264176226,0.6378034504341312,11.038744190674972,5.742257508630511,0.4599504695447483,21,24,0.7741935483870968,Q9BRQ3,0
BS1,44,42,1.0476190476190477,0.3146415622321801,0.17423697087014522,7.760452286398442,4.809978160023762,0.4418048512240284,21,2,0.06451612903225806,Q9BRQ3,0
BS2,11,16,0.6875,-0.13641832325829178,0.8450898531480173,28.33988291180557,24.05586736095041,0.7776484396583749,8,1,0.03225806451612903,Q9BRQ3,0
BS3,19,22,0.8636363636363636,0.0991143991608733,0.7514139879365764,36.114679882687895,18.056491417838682,0.6264490655736507,11,1,0.03225806451612903,Q9BRQ3,0
BS4,15,16,0.9375,0.1827456749879136,0.7140612012197785,15.943436553960607,9.51378887034562,0.7153218496128455,8,1,0.03225806451612903,Q9BRQ3,0
BS5,13,20,0.65,-0.195105628630988,0.7221073481640841,0.0,0.0,0.7092781765630158,10,1,0.03225806451612903,Q9BRQ3,0
BS6,32,34,0.9411764705882352,0.19356149620716376,0.4457495518845245,6.133302092499385,5.537915113072572,0.4990866789403913,17,1,0.03225806451612903,Q9BRQ3,0
BS0,24,36,0.6666666666666666,0.07766781257936384,0.7820352703035582,12.358262190680694,5.125249352907268,0.5423469887721157,18,2,0.6666666666666666,Q15047,0
BS1,4,6,0.6666666666666666,0.07159856054829605,1.0,48.22474032530229,16.096480744099154,1.2750968451103808,3,1,0.3333333333333333,Q15047,0
BS0,133,308,0.4318181818181818,-0.17843759027055536,0.10770541657970847,25.27128741738525,8.695933863068225,0.21563334983136348,30,9,0.4090909090909091,P06873,0
BS1,71,135,0.5259259259259259,0.041304630241171286,0.8200087790361514,38.90840520933162,11.218940312469964,0.295635525403473,13,2,0.09090909090909091,P06873,0
BS2,29,45,0.6444444444444445,0.2472922579496465,0.3207180989656893,46.28608977825447,14.473027874635196,0.4717057653679913,7,2,0.09090909090909091,P06873,0
BS3,21,30,0.7,0.3296215146838759,0.2956591879838746,59.17997444381806,9.96860902890722,0.5618057547401717,5,1,0.045454545454545456,P06873,0
BS4,10,18,0.5555555555555556,0.09455392660046608,0.8418196658708255,21.910559122811364,12.743537699489572,0.7760069177792777,6,1,0.045454545454545456,P06873,0
BS5,19,38,0.5,-0.011696039763191298,1.0,59.57354436131297,13.810781564116395,0.5549084091639319,7,1,0.045454545454545456,P06873,0
BS6,29,43,0.6744186046511628,0.29356797082683217,0.2565836502510782,38.28183705316954,15.99801637055068,0.4758946358476214,7,1,0.045454545454545456,P06873,0
BS7,16,19,0.8421052631578947,0.5148763558303633,0.1498302112288429,35.21253337581515,13.540201615533354,0.6685127459715338,5,1,0.045454545454545456,P06873,0
BS8,44,109,0.4036697247706422,-0.23468150192450465,0.22120819139476933,39.20277217188117,20.71774795628514,0.3567933643206511,11,1,0.045454545454545456,P06873,0
BS9,27,61,0.4426229508196721,-0.13652422512747467,0.6480010434349046,46.70560414563154,20.67951133888426,0.4581836230232346,9,1,0.045454545454545456,P06873,0
BS10,12,33,0.3636363636363637,-0.33372120324932303,0.3464366994302525,70.60416774091249,21.4128009294462,0.6642019535225581,4,1,0.045454545454545456,P06873,0
BS11,13,22,0.5909090909090909,0.15702793289895356,0.7196192122692517,74.89023174291566,23.13424413678433,0.6890139358631463,2,1,0.045454545454545456,P06873,0
BS0,58,100,0.58,0.08464644003303289,0.6108828023605031,55.27647583458533,9.095256648742241,0.3295857605264375,15,7,0.06363636363636363,Q92835,0
BS1,84,164,0.5121951219512195,-0.04526357621844192,0.7839526457163408,33.73700937962354,11.900217691022553,0.27057892092845937,19,46,0.41818181818181815,Q92835,0
BS2,23,48,0.4791666666666667,-0.11115207606915856,0.7080239935180441,31.87864935268464,12.601475772967012,0.5009495319516929,6,2,0.01818181818181818,Q92835,0
BS3,37,61,0.6065573770491803,0.12927390860545854,0.5920400054811713,42.034215410113134,15.971883438460916,0.4131887813133836,7,2,0.01818181818181818,Q92835,0
BS4,8,15,0.5333333333333333,-0.002310526999521665,1.0,41.48338180821996,2.9326149876334564,0.8603239024435354,3,2,0.01818181818181818,Q92835,0
BS5,9,12,0.75,0.3403163790451077,0.4928394736632608,11.112684968677465,6.870071065959765,0.8665036437705171,6,2,0.01818181818181818,Q92835,0
BS6,53,108,0.4907407407407408,-0.08871899398682395,0.6736250134619985,41.66815345790064,12.31716040256042,0.3347012744348878,13,3,0.02727272727272727,Q92835,0
BS7,82,136,0.6029411764705882,0.12673704627059942,0.38224134480543415,38.918848279081715,7.88203798544307,0.28130588396520045,17,39,0.35454545454545455,Q92835,0
BS8,23,32,0.71875,0.2999488342051437,0.3186326744066745,66.45125504224492,7.139765411306232,0.5394065944063176,4,1,0.00909090909090909,Q92835,0
BS9,26,56,0.4642857142857143,-0.1435494382485338,0.640015069985368,50.65721314358042,25.416585027905693,0.4693119745349438,7,1,0.00909090909090909,Q92835,0
BS10,39,87,0.4482758620689655,-0.18105339573297569,0.39363706665319853,52.946444493492,16.196148515972165,0.3828784191364185,10,1,0.00909090909090909,Q92835,0
BS11,42,77,0.5454545454545454,0.020734538907008302,0.922482692564795,39.376556548165006,14.373269121411047,0.3811755442337196,12,1,0.00909090909090909,Q92835,0
BS12,11,15,0.7333333333333333,0.31810463005023104,0.41641066507939706,24.26172931429303,7.77068144195174,0.7805116957552959,7,1,0.00909090909090909,Q92835,0
BS13,10,15,0.6666666666666666,0.22214021404330947,0.6743712977914693,28.98686375175641,13.715816476779695,0.8025711801912099,6,1,0.00909090909090909,Q92835,0
BS14,11,14,0.7857142857142857,0.3874466026054861,0.400003293318944,16.57922355252419,7.15670640285591,0.7921435301524384,7,1,0.00909090909090909,Q92835,0
BS0,391,746,0.5241286863270778,0.14062581150886147,0.03216035368350817,64.82194682722833,13.991313801785251,0.1264790910006868,15,5,0.08928571428571429,Q9Y2J2,0
BS1,455,970,0.4690721649484536,0.02258928277807195,0.6997255783016236,43.30044253746888,12.308788854368382,0.11593181029415835,21,4,0.07142857142857142,Q9Y2J2,0
BS2,520,1251,0.4156674660271783,-0.1103136283762124,0.04372523984190657,38.43454479877522,8.799745427065693,0.10729316564926566,28,16,0.2857142857142857,Q9Y2J2,0
BS3,245,517,0.4738878143133462,0.032401322246092795,0.6904967103036154,54.29629295964932,10.379317641105095,0.1552694760416627,11,3,0.05357142857142857,Q9Y2J2,0
BS4,256,490,0.5224489795918368,0.13412263210392153,0.09109795053459424,51.617614603664435,10.451127233251782,0.15441810542821746,10,2,0.03571428571428571,Q9Y2J2,0
BS5,391,846,0.4621749408983452,0.00647079938171562,0.9242908941302036,42.814872867724986,10.699416103290046,0.12406025410868175,18,14,0.25,Q9Y2J2,0
BS6,153,337,0.4540059347181009,-0.012110942548601835,0.9215499425640344,27.648197296524426,12.005881239516624,0.19362431145370346,9,9,0.16071428571428573,Q9Y2J2,0
BS7,341,733,0.4652114597544338,0.013361572932273044,0.8391629614317164,38.20677536896913,9.756299769384864,0.1323714693220968,15,1,0.017857142857142856,Q9Y2J2,0
BS8,187,441,0.4240362811791383,-0.0828363053641882,0.3590552851866139,39.803501717385274,13.157918935855992,0.17390671054835466,9,1,0.017857142857142856,Q9Y2J2,0
BS9,90,216,0.4166666666666667,-0.09921728266913347,0.4567990114338072,29.11869777747483,24.14867925057371,0.24787449622451094,6,1,0.017857142857142856,Q9Y2J2,0
BS0,19,36,0.5277777777777778,-0.12469222265720445,0.7798198264614121,37.25006531488761,11.74460618095232,0.5580749267186252,11,3,0.3,Q96HY7,0
BS1,50,84,0.5952380952380952,-0.003438720536481042,1.0,53.40195082269965,15.06243350373592,0.3537578671739013,11,4,0.4,Q96HY7,0
BS2,24,32,0.75,0.2297743257124067,0.40745795496680826,48.440557573112116,15.608117729049853,0.531663497841274,8,1,0.1,Q96HY7,0
BS3,36,56,0.6428571428571429,0.07466002558264033,0.7453775994694063,38.4785716700874,13.768799091233252,0.4217513795930127,14,1,0.1,Q96HY7,0
BS4,20,26,0.7692307692307693,0.2549161979961113,0.4448759069227281,39.00621454628941,13.0173637603757,0.5851317702227984,7,1,0.1,Q96HY7,0
BS0,23,37,0.6216216216216216,0.12025428489428755,0.6838151276413518,14.744563780182293,14.342608607653814,0.5254510002497402,8,2,0.08,P15379,0
BS1,6,14,0.42857142857142855,-0.2553759777830051,0.8153125595799604,7.972241438242091,3.906398304738624,0.9590838726588732,5,3,0.12,P15379,0
BS2,108,176,0.6136363636363636,0.11527145073935464,0.3647232863313108,41.138624502243616,14.105677006838265,0.2511007366296538,17,18,0.72,P15379,0
BS3,53,125,0.424,-0.27921649980984403,0.10719511444678201,52.654543564782784,23.807843416941967,0.3296002461252181,7,1,0.04,P15379,0
BS4,47,78,0.6025641025641025,0.09037609060518954,0.6347543015850334,19.37163380627064,17.53843944272923,0.3692477632989246,11,1,0.04,P15379,0
